country,name,wikipedia URL,description
Belgium,Guy Verhofstadt,https://en.wikipedia.org/wiki/Guy_Verhofstadt,Guy Maurice Marie Louise Verhofstadt is a Belgian politician who served as the prime minister of Belgium from 1999 to 2008. He was a member of the European Parliament from Belgium from 2009 until 2024.
Belgium,Yves Leterme,https://en.wikipedia.org/wiki/Yves_Leterme,"Yves Camille Désiré Leterme is a Belgian politician, a leader of the Christian Democratic and Flemish party . He was the prime minister of Belgium from March 2008 to December 2008, and later from November 2009 to December 2011."
Belgium,Herman None,https://en.wikipedia.org/wiki/Herman_Van_Rompuy,"Herman Achille, Count Van Rompuy is a Belgian politician who served as Prime Minister of Belgium from 2008 to 2009, and later as the first permanent President of the European Council from 2009 to 2014."
Belgium,Léon Delacroix,https://en.wikipedia.org/wiki/L%C3%A9on_Delacroix,"Léon Frédéric Gustave Delacroix was a Belgian statesman. Before entering politics, he was a renowned lawyer, and served as president of the Belgian Court of Cassation from 1917 to 1918. In the context of reconstruction after World War I, he was appointed the prime minister and served from 1918 to 1920. During his term, universal suffrage for men was enacted. He was also the minister of Finance from 1918 to 1920."
Belgium,Henry Carton,https://en.wikipedia.org/wiki/Henri_Carton_de_Wiart,"Henry Victor Marie Ghislain, Count Carton de Wiart was a Belgian writer and statesman who served as the Prime Minister of Belgium from 20 November 1920 to 16 December 1921."
Belgium,Georges Theunis,https://en.wikipedia.org/wiki/Georges_Theunis,"Georges Emile Léonard Theunis was the prime minister of Belgium from 1921 to 1925 and again from 1934 to 1935. He was governor of the National Bank of Belgium in exile in London, from 1941 until 1944. He was also the minister of Finance from 1920 to 1925."
Belgium,Aloïs Van de Vyvere,https://en.wikipedia.org/wiki/Aloys_Van_de_Vyvere,"Aloys Jean Maria Joseph, Viscount Van de Vyvere was a Belgian Catholic Party politician."
Belgium,Prosper Poullet,https://en.wikipedia.org/wiki/Prosper_Poullet,"Prosper Antoine Marie Joseph, Viscount Poullet was a Belgian politician."
Belgium,Henri Jaspar,https://en.wikipedia.org/wiki/Henri_Jaspar,Henri Jaspar was a Belgian Catholic Party politician who served as prime minister of Belgium from 1926 to 1931.
Belgium,Jules None,https://en.wikipedia.org/wiki/Jules_Renkin,Jules Laurent Jean Louis Renkin was a Belgian politician who served as Prime Minister from 1931 to 1932. He also served as the minister of colonies for the Belgian Congo from 30 October 1908 to 21 November 1918.
Belgium,Paul Van Zeeland,https://en.wikipedia.org/wiki/Paul_van_Zeeland,"Paul Guillaume, Viscount van Zeeland was a Belgian lawyer, economist, Catholic politician and statesman who served as Prime Minister of Belgium from 1935 to 1937."
Belgium,Achille Van Acker,https://en.wikipedia.org/wiki/Achiel_Van_Acker,"Achille Van Acker was a Belgian politician who served three terms as the prime minister of Belgium between 1945 and 1958. A moderate from Flanders, Van Acker was a member of the Belgian Socialist Party and played an important role in the creation of the Belgian welfare state after World War II."
Belgium,Camille Huysmans,https://en.wikipedia.org/wiki/Camille_Huysmans,Jean Joseph Camille Huysmans was a Belgian politician who served as the prime minister of Belgium from 1946 to 1947.
Belgium,Gaston Eyskens,https://en.wikipedia.org/wiki/Gaston_Eyskens,"Gaston François Marie, Viscount Eyskens was a Christian democratic politician and prime minister of Belgium. He was also an economist and member of the Belgian Christian Social Party ."
Belgium,Leo Tindemans,https://en.wikipedia.org/wiki/Leo_Tindemans,"Leonard Clemence ""Leo"" Tindemans was a Belgian politician. He served as the prime minister of Belgium from 25 April 1974 until he resigned as minister on 20 October 1978. He was a member of the Christian Democratic and Flemish party."
Belgium,Elio Di Rupo,https://en.wikipedia.org/wiki/Elio_Di_Rupo,"Elio Di Rupo is a Belgian politician who served as the prime minister of Belgium from 2011 to 2014, heading the Di Rupo Government, and as minister-president of Wallonia for three non-consecutive terms between 1999 and 2024. He was the first francophone to hold the prime ministership since Paul Vanden Boeynants in 1979, and the country's first socialist prime minister since Edmond Leburton left office in 1974. Di Rupo was also Belgium's first prime minister of non-Belgian descent, and the world's second openly gay person and first openly gay man to be head of government in modern times."
Belgium,Jean-Luc Dehaene,https://en.wikipedia.org/wiki/Jean-Luc_Dehaene,"Jean Luc Joseph Marie ""Jean-Luc"" Dehaene was a Belgian politician who served as the prime minister of Belgium from 1992 until 1999. During his political career, he was nicknamed ""The Plumber"", as well as ""The Minesweeper"", for his ability to negotiate political deadlocks."
Belgium,Frans Schollaert,https://en.wikipedia.org/wiki/Frans_Schollaert,François Victor Marie Ghislain Schollaert was a Belgian Catholic Party politician who served as Prime Minister of Belgium from 1907 to 1911.
Belgium,Pieter Decker,https://en.wikipedia.org/wiki/Pieter_de_Decker,"Pierre Jacques François de Decker was a Belgian Roman Catholic politician, statesman and author who served as the Prime Minister of Belgium from 1855 to 1857."
Belgium,Paul-Henri Spaak,https://en.wikipedia.org/wiki/Paul-Henri_Spaak,"Paul-Henri Charles Spaak was an influential Belgian Socialist politician, diplomat and statesman who thrice served as the prime minister of Belgium and later as the second secretary general of NATO. Nicknamed ""Mr. Europe"", he was a leader in the formation of the institutions that evolved into the current European Union, along with Robert Schuman, Alcide De Gasperi and Konrad Adenauer."
Belgium,Auguste Beernaert,https://en.wikipedia.org/wiki/Auguste_Beernaert,"Auguste Marie François Beernaert was the prime minister of Belgium from October 1884 to March 1894, and the 1909 Nobel Peace Prize laureate."
Belgium,Théodore Lefèvre,https://en.wikipedia.org/wiki/Th%C3%A9o_Lef%C3%A8vre,"Théodore Joseph Albéric Marie Lefèvre , better known as Théo Lefèvre, was a Belgian politician and lawyer who served as the prime minister of Belgium from 1961 to 1965. He was a lawyer at the Ghent court of justice, and became deputy of the Belgian parliament for the PSC-CVP in 1946."
Belgium,Paul None,https://en.wikipedia.org/wiki/Paul_Vanden_Boeynants,Paul Emile François Henri Vanden Boeynants was a Belgian politician. He served as the prime minister of Belgium for two brief periods .
Belgium,Étienne Gerlache,https://en.wikipedia.org/wiki/Etienne_de_Gerlache,"Étienne Constantin, Baron de Gerlache was a lawyer and politician in the United Kingdom of the Netherlands, and later became in 1831 the first prime minister of the newly founded Belgian state."
Belgium,Wilfried Martens,https://en.wikipedia.org/wiki/Wilfried_Martens,"Wilfried Achiel Emma Martens was a Belgian politician who served as prime minister of Belgium from 1979 to 1981 and from 1981 to 1992. A member of the Flemish Christian People's Party, during his premiership he oversaw the transformation of Belgium into a federal state. He was one of the founders of the European People's Party."
Belgium,Mark Eyskens,https://en.wikipedia.org/wiki/Mark_Eyskens,"Marc Maria Frans, Viscount Eyskens , known as Mark Eyskens, is a Belgian economist, professor and politician in the Christian People's Party, now called Christian Democratic and Flemish, and briefly served as the prime minister of Belgium in 1981."
Belgium,Pierre Harmel,https://en.wikipedia.org/wiki/Pierre_Harmel,"Pierre Charles José Marie, Count Harmel was a Belgian lawyer, Christian Democratic politician and diplomat. Harmel served as the prime minister of Belgium from 1965 to 1966, leading a centre-left cabinet."
Belgium,Hubert Pierlot,https://en.wikipedia.org/wiki/Hubert_Pierlot,"Hubert Marie Eugène Pierlot was a Belgian politician and Prime Minister of Belgium, serving between 1939 and 1945. Pierlot, a lawyer and jurist, served in World War I before entering politics in the 1920s. A member of the Catholic Party, Pierlot became Prime Minister in 1939, shortly before Belgium entered World War II. In this capacity, he headed the Belgian government in exile, first from France and later Britain, while Belgium was under German occupation. During the German invasion of Belgium in May 1940, a violent disagreement broke out between Pierlot and King Leopold III over whether the King should follow the orders of his ministers and go into exile or surrender to the German Army. Pierlot considered Leopold's subsequent surrender a breach of the Constitution and encouraged the parliament to declare Leopold unfit to reign. The confrontation provoked a lasting animosity between Pierlot and other conservatives, who supported the King's position and considered the government's exile to be cowardly."
Belgium,Jean-Baptiste Nothomb,https://en.wikipedia.org/wiki/Jean-Baptiste_Nothomb,"Jean-Baptiste, Baron Nothomb was a Belgian statesman and diplomat, who served as the prime minister of Belgium from 1841 to 1845."
Belgium,Edmond None,https://en.wikipedia.org/wiki/Edmond_Leburton,Edmond Jules Isidore Leburton was a Belgian politician who served as the prime minister of Belgium from 1973 to 1974.
Belgium,Jean None,https://en.wikipedia.org/wiki/Jean_Duvieusart,Jean Pierre Duvieusart was a Belgian politician of the PSC-CVP who served as the prime minister of Belgium from June to August in 1950.
Belgium,Joseph Lebeau,https://en.wikipedia.org/wiki/Joseph_Lebeau,"Jean Louis Joseph Lebeau was a Belgian liberal statesman, the prime minister of Belgium on two occasions."
Belgium,Charles Rogier,https://en.wikipedia.org/wiki/Charles_Rogier,"Charles Latour Rogier was a Belgian liberal statesman and a leader in the Belgian Revolution of 1830. He served as the prime minister of Belgium on two occasions: from 1847 to 1852, and again from 1857 to 1868."
Belgium,Barthélemy None,https://en.wikipedia.org/wiki/Barthélémy_de_Theux_de_Meylandt,"Barthélemy Théodore, Count de Theux de Meylandt was a Belgian Roman Catholic politician who served as the prime minister of Belgium three times. His family de Theux de Meylandt et Montjardin originated in Theux in 1341."
Belgium,Felix None,https://en.wikipedia.org/wiki/Félix_de_Muelenaere,"Félix Amandus, Count de Muelenaere was a Belgian Roman Catholic politician who served as the prime minister of Belgium from 1831 to 1832"
Belgium,Alexander De Croo,https://en.wikipedia.org/wiki/Alexander_De_Croo,"Alexander De Croo is a Belgian politician and businessman who served as Prime Minister of Belgium from 2020 to 2025. Previously from 2012 to 2020, De Croo served as deputy prime minister in the governments of Elio Di Rupo, Charles Michel, and Sophie Wilmès. During his tenure as deputy prime minister he served as the Minister of Pensions from 2012 to 2014, as Minister of Development Cooperation from 2014 to 2020, and as Minister of Finance from 2018 to 2020. On 1 October 2020, over a year after the 2019 federal elections, the De Croo Government was formed to replace Wilmès' minority government, with De Croo as prime minister."
Belgium,Henri de Brouckère,https://en.wikipedia.org/wiki/Henri_de_Brouck%C3%A8re,"Jonkheer Henri Ghislain Joseph Marie Hyacinthe de Brouckère was a Belgian nobleman and liberal politician. Born in Bruges, he was a magistrate and a professor at the Université libre de Bruxelles. His brother Charles was mayor of the City of Brussels."
Belgium,Albert None,https://en.wikipedia.org/wiki/Albert_Goblet_d%27Alviella,"Albert Joseph, Count Goblet d'Alviella was an officer in the army of the United Kingdom of the Netherlands. After the Belgian Revolution, he became a politician and served as the prime minister of Belgium."
Belgium,Sylvain Weyer,https://en.wikipedia.org/wiki/Sylvain_Van_de_Weyer,"Jean-Sylvain Van de Weyer was a Belgian politician who served as the Belgian Minister at the Court of St. James's, effectively the ambassador to the United Kingdom, and briefly, as the prime minister of Belgium, all under King Leopold I."
Belgium,Jules Burlet,https://en.wikipedia.org/wiki/Jules_de_Burlet,Jules Philippe Marie de Burlet was a Belgian Catholic Party politician who served as the Prime Minister of Belgium from 1894 to 1896.
Belgium,Paul-Émile None,https://en.wikipedia.org/wiki/Paul-Emile_Janson,"Paul-Émile Janson was a francophone Belgian liberal politician who served as the Prime Minister of Belgium from 1937 to 1938. During the German occupation, he was arrested as a political prisoner and died in a German concentration camp in 1944."
Belgium,Jules Malou,https://en.wikipedia.org/wiki/Jules_Malou,Jules Edouard Xavier Malou was a Belgian statesman who served as the Prime Minister of Belgium from 1874 to 1878 and again from June to October 1884.
Belgium,Charles Broqueville,https://en.wikipedia.org/wiki/Charles_de_Broqueville,"Comte Charles de Broqueville was the prime minister of Belgium from 1911 to 1918 and again from 1932 to 1934, serving during the majority of World War I."
Belgium,Joseph Pholien,https://en.wikipedia.org/wiki/Joseph_Pholien,"Joseph Clovis Louis Marie Emmanuel Pholien was a Belgian Catholic politician and member of the PSC-CVP. He was born in Liège, and volunteered to serve with the Belgian army during World War I, being commissioned as a first lieutenant. He was the minister of Justice under Paul-Henri Spaak from May 1938 to February 1939 and was the prime minister of Belgium from 16 August 1950 to 15 January 1952. In 1966, he became a minister of State."
Belgium,Jean Van Houtte,https://en.wikipedia.org/wiki/Jean_Van_Houtte,"Jean Marie Joseph, Baron Van Houtte was a Belgian politician who served as the Prime Minister of Belgium from 1952 to 1954."
Belgium,Walthère Frère,https://en.wikipedia.org/wiki/Walth%C3%A8re_Fr%C3%A8re-Orban,Hubert Joseph Walthère Frère-Orban was a Belgian liberal statesman who served as the Prime Minister of Belgium from 1868 to 1870 and again from 1878 to 1884.
Belgium,Gérard Cooreman,https://en.wikipedia.org/wiki/Gerard_Cooreman,Gérard François Marie Cooreman was a Belgian Catholic Party politician who served as Prime Minister of Belgium from June to November 1918.
Belgium,Jules Vandenpeereboom,https://en.wikipedia.org/wiki/Jules_Vandenpeereboom,Jules Henri Pierre François Vandenpeereboom was a Belgian Catholic Party politician.
Belgium,Paul None,https://en.wikipedia.org/wiki/Paul_de_Smet_de_Naeyer,"Paul Joseph, Count de Smet de Naeyer was a Belgian Catholic Party politician who served as Prime Minister of Belgium from 1896 to January 1899 and again from August 1899 to 1907."
Belgium,Jules Trooz,https://en.wikipedia.org/wiki/Jules_de_Trooz,"Jules Henri Ghislain Marie, Baron de Trooz was a Belgian Catholic Party politician."
Belgium,Jules d'Anethan,https://en.wikipedia.org/wiki/Jules_Joseph_d%27Anethan,"Jules Joseph, Baron d'Anethan was a Belgian Catholic Party politician."
Belgium,Charles Michel,https://en.wikipedia.org/wiki/Charles_Michel,"Charles Michel is a Belgian politician who served as the president of the European Council from 2019 to 2024. He previously served as the prime minister of Belgium between 2014 and 2019. Michel became the minister of development cooperation in 2007 at age thirty-one, and remained in this position until elected the leader of the Francophone liberal Reformist Movement in February 2011. He led MR to the 2014 federal election, where they emerged as the third-largest party in the Chamber of Representatives. After coalition negotiations, Michel was confirmed as Prime Minister of a MR-N-VA-OVLD-CD&V government. He was sworn in on 11 October 2014, becoming the youngest Belgian prime minister since Jean-Baptiste Nothomb in 1841."
Belgium,Sophie Wilmès,https://en.wikipedia.org/wiki/Sophie_Wilm%C3%A8s,"Sophie Wilmès is a Belgian politician who served as the prime minister of Belgium from 2019 to 2020. She later served as minister of foreign affairs from 2020 to 2022. A member of the Reformist Movement, she is the first woman to hold either position."
USA,George Washington,https://en.wikipedia.org/wiki/George_Washington,"George Washington was a Founding Father and the first president of the United States, serving from 1789 to 1797. As commander of the Continental Army, Washington led Patriot forces to victory in the American Revolutionary War against the British Empire. He is commonly known as the Father of the Nation for his role in bringing about American independence."
USA,Barack Obama,https://en.wikipedia.org/wiki/Barack_Obama,"Barack Hussein Obama II is an American politician who was the 44th president of the United States from 2009 to 2017. A member of the Democratic Party, he was the first African American president in American history. Obama previously served as a U.S. senator representing Illinois from 2005 to 2008 and as an Illinois state senator from 1997 to 2004."
USA,Abraham Lincoln,https://en.wikipedia.org/wiki/Abraham_Lincoln,"Abraham Lincoln was the 16th president of the United States, serving from 1861 until his assassination in 1865. He led the United States through the American Civil War, defeating the Confederate States of America and playing a major role in the abolition of slavery."
USA,George Bush,https://en.wikipedia.org/wiki/George_W._Bush,"George Walker Bush is an American politician and businessman who was the 43rd president of the United States from 2001 to 2009. A member of the Bush family and the Republican Party, he is the eldest son of the 41st president, George H. W. Bush, and was the 46th governor of Texas from 1995 to 2000."
USA,Bill Clinton,https://en.wikipedia.org/wiki/Bill_Clinton,"William Jefferson Clinton is an American politician and lawyer who was the 42nd president of the United States from 1993 to 2001. A member of the Democratic Party, he previously served as the attorney general of Arkansas from 1977 to 1979 and as the governor of Arkansas from 1979 to 1981, and again from 1983 to 1992. Clinton, whose policies reflected a centrist ""Third Way"" political philosophy, became known as a New Democrat."
USA,Joe Biden,https://en.wikipedia.org/wiki/Joe_Biden,"Joseph Robinette Biden Jr. is an American politician who was the 46th president of the United States from 2021 to 2025. A member of the Democratic Party, he served as the 47th vice president from 2009 to 2017 and represented Delaware in the U.S. Senate from 1973 to 2009."
USA,Franklin Roosevelt,https://en.wikipedia.org/wiki/Franklin_D._Roosevelt,"Franklin Delano Roosevelt , also known as FDR, was the 32nd president of the United States, serving from 1933 until his death in 1945. He is the longest-serving U.S. president, and the only one to have served more than two terms. His first two terms were centered on combating the Great Depression, while his third and fourth saw him shift his focus to America's involvement in World War II."
USA,Andrew Johnson,https://en.wikipedia.org/wiki/Andrew_Johnson,"Andrew Johnson was the 17th president of the United States, serving from 1865 to 1869. The 16th vice president, he assumed the presidency following the assassination of Abraham Lincoln. Johnson was a Southern Democrat who ran with Lincoln on the National Union Party ticket in the 1864 presidential election, coming to office as the American Civil War concluded. Johnson favored quick restoration of the seceded states to the Union without protection for the newly freed people who were formerly enslaved, as well as pardoning ex-Confederates. This led to conflict with the Republican Party-dominated U.S. Congress, culminating in his impeachment by the House of Representatives in 1868. He was acquitted in the Senate by one vote."
USA,Gerald Ford,https://en.wikipedia.org/wiki/Gerald_Ford,"Gerald Rudolph Ford Jr. was the 38th president of the United States, serving from 1974 to 1977. A member of the Republican Party, Ford assumed the presidency after the resignation of President Richard Nixon, under whom he had served as the 40th vice president from 1973 to 1974 following Spiro Agnew's resignation. Prior to that, he served as a member of the U.S. House of Representatives from 1949 to 1973."
USA,Richard Nixon,https://en.wikipedia.org/wiki/Richard_Nixon,"Richard Milhous Nixon was the 37th president of the United States, serving from 1969 until his resignation in 1974. A member of the Republican Party, he previously served as the 36th vice president under President Dwight D. Eisenhower from 1953 to 1961, and also as a representative and senator from California. His presidency saw the reduction of U.S. involvement in the Vietnam War, détente with the Soviet Union and China, the Apollo 11 Moon landing, and the establishment of the Environmental Protection Agency and Occupational Safety and Health Administration. Nixon's second term ended early when he became the only U.S. president to resign from office, as a result of the Watergate scandal."
USA,Lyndon Johnson,https://en.wikipedia.org/wiki/Lyndon_B._Johnson,"Lyndon Baines Johnson , also known as LBJ, was the 36th president of the United States, serving from 1963 to 1969. He became president after the assassination of John F. Kennedy, under whom he had served as the 37th vice president from 1961 to 1963. A Southern Democrat, Johnson previously represented Texas in Congress for over 23 years, first as a U.S. representative from 1937 to 1949, and then as a U.S. senator from 1949 to 1961."
USA,John Kennedy,https://en.wikipedia.org/wiki/John_F._Kennedy,"John Fitzgerald Kennedy , also known as JFK, was the 35th president of the United States, serving from 1961 until his assassination in 1963. He was the first Roman Catholic and youngest person elected president at 43 years. Kennedy served at the height of the Cold War, and the majority of his foreign policy concerned relations with the Soviet Union and Cuba. A member of the Democratic Party, Kennedy represented Massachusetts in both houses of the United States Congress prior to his presidency."
USA,Dwight Eisenhower,https://en.wikipedia.org/wiki/Dwight_D._Eisenhower,"Dwight David ""Ike"" Eisenhower was the 34th president of the United States, serving from 1953 to 1961. During World War II, he was Supreme Commander of the Allied Expeditionary Force in Europe and achieved the five-star rank as General of the Army. Eisenhower planned and supervised two of the most consequential military campaigns of World War II: Operation Torch in the North Africa campaign in 1942–1943 and the invasion of Normandy in 1944."
USA,Ronald Reagan,https://en.wikipedia.org/wiki/Ronald_Reagan,Ronald Wilson Reagan was an American politician and actor who served as the 40th president of the United States from 1981 to 1989. He was a member of the Republican Party and became an important figure in the American conservative movement. His presidency is known as the Reagan era.
USA,Harry Truman,https://en.wikipedia.org/wiki/Harry_S._Truman,"Harry S. Truman was the 33rd president of the United States, serving from 1945 to 1953. As the 34th vice president in 1945, he assumed the presidency upon the death of Franklin D. Roosevelt that year. Subsequently, Truman implemented the Marshall Plan in the aftermath of World War II to rebuild the economy of Western Europe, and established both the Truman Doctrine and NATO to contain the expansion of Soviet communism. A member of the Democratic Party, he proposed numerous New Deal coalition liberal domestic reforms, but few were enacted by the conservative coalition that dominated the United States Congress."
USA,John Adams,https://en.wikipedia.org/wiki/John_Adams,"John Adams was a Founding Father and the second president of the United States from 1797 to 1801. Before his presidency, he was a leader of the American Revolution that achieved independence from Great Britain. During the latter part of the Revolutionary War and in the early years of the new nation, he served the U.S. government as a senior diplomat in Europe. Adams was the first person to hold the office of vice president of the United States, serving from 1789 to 1797. He was a dedicated diarist and regularly corresponded with important contemporaries, including his wife and adviser Abigail Adams and his friend and political rival Thomas Jefferson."
USA,Thomas Jefferson,https://en.wikipedia.org/wiki/Thomas_Jefferson,"Thomas Jefferson was an American Founding Father and the third president of the United States from 1801 to 1809. He was the primary author of the Declaration of Independence. Jefferson was the nation's first U.S. secretary of state under George Washington and then the nation's second vice president under John Adams. Jefferson was a leading proponent of democracy, republicanism, and natural rights, and he produced formative documents and decisions at the state, national, and international levels."
USA,James Madison,https://en.wikipedia.org/wiki/James_Madison,"James Madison was an American statesman, diplomat, and Founding Father who served as the fourth president of the United States from 1809 to 1817. Madison was popularly acclaimed as the ""Father of the Constitution"" for his pivotal role in drafting and promoting the Constitution of the United States and the Bill of Rights."
USA,James Monroe,https://en.wikipedia.org/wiki/James_Monroe,"James Monroe was an American Founding Father who served as the fifth president of the United States from 1817 to 1825. He was the last Founding Father to serve as president as well as the last president of the Virginia dynasty. He was a member of the Democratic-Republican Party, and his presidency coincided with the Era of Good Feelings, concluding the First Party System era of American politics. He issued the Monroe Doctrine, a policy of limiting European colonialism in the Americas. Monroe previously served as Governor of Virginia, a member of the United States Senate, U.S. ambassador to France and Britain, the seventh secretary of state, and the eighth secretary of war."
USA,John Adams,https://en.wikipedia.org/wiki/John_Quincy_Adams,"John Quincy Adams was the sixth president of the United States, serving from 1825 to 1829. He previously served as the eighth United States secretary of state from 1817 to 1825. During his long diplomatic and political career, Adams served as an ambassador and also as a member of the United States Congress representing Massachusetts in both chambers. He was the eldest son of John Adams, who served as the second president of the United States from 1797 to 1801, and First Lady Abigail Adams. Initially a Federalist like his father, he won election to the presidency as a member of the Democratic-Republican Party, and later, in the mid-1830s, became affiliated with the Whig Party."
USA,Andrew Jackson,https://en.wikipedia.org/wiki/Andrew_Jackson,"Andrew Jackson was the seventh president of the United States from 1829 to 1837. Before his presidency, he rose to fame as a general in the U.S. Army and served in both houses of the U.S. Congress. His political philosophy became the basis for the Democratic Party. Jackson's legacy is controversial: he has been praised as an advocate for working Americans and preserving the union of states, and criticized for his racist policies, particularly towards Native Americans."
USA,Martin Van Buren,https://en.wikipedia.org/wiki/Martin_Van_Buren,"Martin Van Buren was the eighth president of the United States, serving from 1837 to 1841. A primary founder of the Democratic Party, he served as New York's attorney general and U.S. senator, then briefly as the ninth governor of New York before joining Andrew Jackson's administration as the tenth United States secretary of state, minister to the United Kingdom, and ultimately the eighth vice president from 1833 to 1837, after being elected on Jackson's ticket in 1832. Van Buren won the presidency in 1836 against divided Whig opponents. He lost re-election in 1840, and failed to win the Democratic nomination in 1844. Later in his life, he re-emerged as an elder statesman and an anti-slavery leader who led the Free Soil Party ticket in the 1848 presidential election."
USA,William Harrison,https://en.wikipedia.org/wiki/William_Henry_Harrison,"William Henry Harrison was the ninth president of the United States, serving from March 4 to April 4, 1841, the shortest presidency in U.S. history. He was also the first U.S. president to die in office, causing a brief constitutional crisis, since presidential succession was not then fully defined in the U.S. Constitution. Harrison was the last president born as a British subject in the Thirteen Colonies. He was a member of the Harrison family of Virginia, a son of Benjamin Harrison V, who was a U.S. Founding Father  he was also the grandfather of Benjamin Harrison, the 23rd U.S. president."
USA,John Tyler,https://en.wikipedia.org/wiki/John_Tyler,"John Tyler was the tenth president of the United States, serving from 1841 to 1845, after briefly holding office as the tenth vice president in 1841. He was elected vice president on the 1840 Whig ticket with President William Henry Harrison, succeeding to the presidency following Harrison's death 31 days after assuming office. Tyler was a stalwart supporter and advocate of states' rights, including regarding slavery, and he adopted nationalistic policies as president only when they did not infringe on the states' powers. His unexpected rise to the presidency posed a threat to the presidential ambitions of Henry Clay and other Whig politicians and left Tyler estranged from both of the nation's major political parties at the time."
USA,James Polk,https://en.wikipedia.org/wiki/James_K._Polk,"James Knox Polk was the 11th president of the United States, serving from 1845 to 1849. A protégé of Andrew Jackson and a member of the Democratic Party, he was an advocate of Jacksonian democracy and extending the territory of the United States. Polk led the U.S. into the Mexican–American War, and after winning the war he annexed the Republic of Texas, the Oregon Territory, and the Mexican Cession."
USA,Zachary Taylor,https://en.wikipedia.org/wiki/Zachary_Taylor,"Zachary Taylor was an American military officer and politician who was the 12th president of the United States, serving from 1849 until his death in 1850. Taylor was a career officer in the United States Army, rising to the rank of major general and becoming a national hero for his victories in the Mexican–American War. As a result, he won election to the White House despite his vague political beliefs. His top priority as president was to preserve the Union. He died 16 months into his term from a stomach disease. Taylor had the third-shortest presidential term in U.S. history and was the third president whose death has been traced to poor sanitation in Washington DC."
USA,Millard Fillmore,https://en.wikipedia.org/wiki/Millard_Fillmore,"Millard Fillmore was the 13th president of the United States, serving from 1850 to 1853. He was the last president to be a member of the Whig Party while in the White House, and the last to be neither a Democrat nor a Republican. A former member of the U.S. House of Representatives, Fillmore was elected vice president in 1848, and succeeded to the presidency when Zachary Taylor died in 1850. Fillmore was instrumental in passing the Compromise of 1850, which led to a brief truce in the battle over the expansion of slavery."
USA,Franklin Pierce,https://en.wikipedia.org/wiki/Franklin_Pierce,"Franklin Pierce was the 14th president of the United States, serving from 1853 to 1857. A northern Democrat who believed that the abolitionist movement was a fundamental threat to the nation's unity, he alienated anti-slavery groups by signing the Kansas–Nebraska Act and enforcing the Fugitive Slave Act. Conflict between North and South continued after Pierce's presidency, and, after Abraham Lincoln was elected president in 1860, the Southern states seceded, resulting in the American Civil War."
USA,James Buchanan,https://en.wikipedia.org/wiki/James_Buchanan,"James Buchanan Jr. was the 15th president of the United States, serving from 1857 to 1861. He also served as the secretary of state from 1845 to 1849 and represented Pennsylvania in both houses of the U.S. Congress. Buchanan was an advocate for states' rights, particularly regarding slavery, and minimized the role of the federal government preceding the American Civil War."
USA,Donald Trump,https://en.wikipedia.org/wiki/Donald_Trump,"Donald John Trump is an American politician, media personality, and businessman who is the 47th president of the United States. A member of the Republican Party, he served as the 45th president from 2017 to 2021."
USA,George Bush,https://en.wikipedia.org/wiki/George_H._W._Bush,"George Herbert Walker Bush was the 41st president of the United States, serving from 1989 to 1993. A member of the Republican Party, he also served as the 43rd vice president from 1981 to 1989 under Ronald Reagan and previously in various other federal positions."
USA,Jimmy Carter,https://en.wikipedia.org/wiki/Jimmy_Carter,"James Earl Carter Jr. was an American politician and humanitarian who served as the 39th president of the United States from 1977 to 1981. A member of the Democratic Party, Carter served from 1971 to 1975 as the 76th governor of Georgia and from 1963 to 1967 in the Georgia State Senate. He was the longest-lived president in U.S. history and the first to reach the age of 100."
USA,Theodore Roosevelt,https://en.wikipedia.org/wiki/Theodore_Roosevelt,"Theodore Roosevelt Jr. , also known as Teddy or T. R., was the 26th president of the United States, serving from 1901 to 1909. Roosevelt previously was involved in New York politics, including serving as the state's 33rd governor for two years. He served as the 25th vice president under President William McKinley for six months in 1901, assuming the presidency after McKinley's assassination. As president, Roosevelt emerged as a leader of the Republican Party and became a driving force for anti-trust and Progressive Era policies."
USA,Woodrow Wilson,https://en.wikipedia.org/wiki/Woodrow_Wilson,"Thomas Woodrow Wilson was the 28th president of the United States, serving from 1913 to 1921. He was the only Democrat to serve as president during the Progressive Era when Republicans dominated the presidency and legislative branches. As president, Wilson changed the nation's economic policies and led the United States into World War I. He was the leading architect of the League of Nations, and his stance on foreign policy came to be known as Wilsonianism."
USA,James Garfield,https://en.wikipedia.org/wiki/James_A._Garfield,"James Abram Garfield was the 20th president of the United States, serving from March 1881 until his death in September that year after being shot two months earlier. A preacher, lawyer, and Civil War general, Garfield served nine terms in the United States House of Representatives and is the only sitting member of the House to be elected president. Before his candidacy for the presidency, he had been elected to the U.S. Senate by the Ohio General Assembly—a position he declined when he became president-elect."
USA,Ulysses Grant,https://en.wikipedia.org/wiki/Ulysses_S._Grant,"Ulysses S. Grant was the 18th president of the United States, serving from 1869 to 1877. In 1865, as commanding general, Grant led the Union Army to victory in the American Civil War."
USA,William McKinley,https://en.wikipedia.org/wiki/William_McKinley,"William McKinley was the 25th president of the United States, serving from 1897 until his assassination in 1901. A member of the Republican Party, he led a realignment that made Republicans largely dominant in the industrial states and nationwide for decades. McKinley successfully led the U.S. in the Spanish–American War and oversaw a period of American expansionism, with the annexations of Hawaii, Puerto Rico, Guam, the Philippines, and American Samoa."
USA,Stephen Cleveland,https://en.wikipedia.org/wiki/Grover_Cleveland,"Stephen Grover Cleveland was the 22nd and 24th president of the United States, serving from 1885 to 1889 and from 1893 to 1897. He was the first U.S. president to serve nonconsecutive terms and the first Democrat elected president after the Civil War."
USA,Herbert Hoover,https://en.wikipedia.org/wiki/Herbert_Hoover,"Herbert Clark Hoover was the 31st president of the United States, serving from 1929 to 1933. A wealthy mining engineer before his presidency, Hoover led the wartime Commission for Relief in Belgium and was the director of the U.S. Food Administration, followed by post-war relief of Europe. As a member of the Republican Party, he served as the third United States secretary of commerce from 1921 to 1928 before being elected president in 1928. His presidency was dominated by the Great Depression, and his policies and methods to combat it were seen as lackluster. Amid his unpopularity, he decisively lost reelection to Franklin D. Roosevelt in 1932."
USA,Warren Harding,https://en.wikipedia.org/wiki/Warren_G._Harding,"Warren Gamaliel Harding was the 29th president of the United States, serving from 1921 until his death in 1923. A member of the Republican Party, he was one of the most popular sitting U.S. presidents while in office. After his death, a number of scandals were exposed, including Teapot Dome, as well as an extramarital affair with Nan Britton, which damaged his reputation."
USA,Chester Arthur,https://en.wikipedia.org/wiki/Chester_A._Arthur,"Chester Alan Arthur was the 21st president of the United States, serving from 1881 to 1885. He was a Republican from New York who previously served as the 20th vice president under President James A. Garfield. Assuming the presidency after Garfield's assassination, Arthur's presidency saw the largest expansion of the U.S. Navy, the end of the so-called ""spoils system"", and the implementation of harsher restrictions for migrants entering from abroad."
USA,William Taft,https://en.wikipedia.org/wiki/William_Howard_Taft,William Howard Taft served as the 27th president of the United States from 1909 to 1913 and the tenth chief justice of the United States from 1921 to 1930. He is the only person to have held both offices.
USA,Benjamin Harrison,https://en.wikipedia.org/wiki/Benjamin_Harrison,"Benjamin Harrison was the 23rd president of the United States, serving from 1889 to 1893. He was a member of the Harrison family of Virginia—a grandson of the ninth president, William Henry Harrison, and a great-grandson of Benjamin Harrison V, a Founding Father. A Union Army veteran and a Republican, he defeated incumbent Grover Cleveland to win the presidency in 1888."
USA,Rutherford Hayes,https://en.wikipedia.org/wiki/Rutherford_B._Hayes,"Rutherford Birchard Hayes was the 19th president of the United States, serving from 1877 to 1881."
USA,John Coolidge,https://en.wikipedia.org/wiki/Calvin_Coolidge,"Calvin Coolidge was the 30th president of the United States, serving from 1923 to 1929. A Republican lawyer from Massachusetts, he previously served as the 29th vice president from 1921 to 1923 under President Warren G. Harding, and as the 48th governor of Massachusetts from 1919 to 1921. Coolidge gained a reputation as a small-government conservative with a taciturn personality and dry sense of humor that earned him the nickname ""Silent Cal""."
Russia,Vladimir Putin,https://en.wikipedia.org/wiki/Vladimir_Putin,"Vladimir Vladimirovich Putin is a Russian politician and former intelligence officer who has served as President of Russia since 2012, having previously served from 2000 to 2008. Putin also served as Prime Minister of Russia from 1999 to 2000 and again from 2008 to 2012. He is the longest-serving Russian president since the independence of Russia from the Soviet Union."
Russia,Dmitry Medvedev,https://en.wikipedia.org/wiki/Dmitry_Medvedev,Dmitry Anatolyevich Medvedev is a Russian politician and lawyer who has served as Deputy Chairman of the Security Council of Russia since 2020. Medvedev was also President of Russia between 2008 and 2012 and Prime Minister of Russia between 2012 and 2020.
Russia,Boris Yeltsin,https://en.wikipedia.org/wiki/Boris_Yeltsin,"Boris Nikolayevich Yeltsin was a Soviet and Russian politician and statesman who served as President of Russia from 1991 to 1999. He was a member of the Communist Party of the Soviet Union from 1961 to 1990. He later stood as a political independent, during which time he was viewed as being ideologically aligned with liberalism."
France,François Hollande,https://en.wikipedia.org/wiki/Fran%C3%A7ois_Hollande,"François Gérard Georges Nicolas Hollande is a French politician who served as President of France from 2012 to 2017. Before his presidency, he was First Secretary of the Socialist Party from 1997 to 2008, Mayor of Tulle from 2001 to 2008, as well as President of the General Council of Corrèze from 2008 to 2012. He has also held the 1st constituency of Corrèze seat in the National Assembly three times, first from 1988 to 1993, then from 1997 to 2012, and from 2024 onwards."
France,Nicolas Sarkozy,https://en.wikipedia.org/wiki/Nicolas_Sarkozy,"Nicolas Paul Stéphane Sarközy de Nagy-Bocsa is a French politician who served as President of France from 2007 to 2012. In 2021, he was found guilty of having tried to bribe a judge in 2014 to obtain information and spending beyond legal campaign funding limits during his 2012 re-election campaign."
France,François Mitterrand,https://en.wikipedia.org/wiki/Fran%C3%A7ois_Mitterrand,"François Maurice Adrien Marie Mitterrand was a French politician and statesman who served as President of France from 1981 to 1995, the longest holder of that position in the history of France. As a former Socialist Party First Secretary, he was the first left-wing politician to assume the presidency under the Fifth Republic."
France,Charles de Gaulle,https://en.wikipedia.org/wiki/Charles_de_Gaulle,"Charles André Joseph Marie de Gaulle was a French general and statesman who led the Free French Forces against Nazi Germany in World War II and chaired the Provisional Government of the French Republic from 1944 to 1946 to restore democracy in France. In 1958, amid the Algiers putsch, he came out of retirement when appointed Prime Minister by President René Coty. He rewrote the Constitution of France and founded the Fifth Republic after approval by referendum. He was elected President of France later that year, a position he held until his resignation in 1969."
France,Jacques Chirac,https://en.wikipedia.org/wiki/Jacques_Chirac,"Jacques René Chirac was a French politician who served as President of France from 1995 to 2007. He was previously Prime Minister of France from 1974 to 1976 and 1986 to 1988, as well as Mayor of Paris from 1977 to 1995."
France,Valéry Giscard d'Estaing,https://en.wikipedia.org/wiki/Val%C3%A9ry_Giscard_d%27Estaing,"Valéry René Marie Georges Giscard d'Estaing , also known as simply Giscard or VGE, was a French politician who served as President of France from 1974 to 1981."
France,Georges Pompidou,https://en.wikipedia.org/wiki/Georges_Pompidou,"Georges Jean Raymond Pompidou was a French politician who served as President of France from 1969 until his death in 1974. He previously served as Prime Minister of France under President Charles de Gaulle from 1962 to 1968, a longevity record under the Fifth Republic."
France,Adolphe Thiers,https://en.wikipedia.org/wiki/Adolphe_Thiers,Marie Joseph Louis Adolphe Thiers was a French statesman and historian who served as President of France from 1871 to 1873. He was the second elected president and the first of the Third French Republic.
France,Napoléon Bonaparte,https://en.wikipedia.org/wiki/Napol%C3%A9on_III,"Napoleon III was President of France from 1848 to 1852 and then Emperor of the French from 1852 until his deposition in 1870. He was the first president, second emperor, and last monarch of France."
France,Paul Doumer,https://en.wikipedia.org/wiki/Paul_Doumer,"Joseph Athanase Doumer, commonly known as Paul Doumer , was a French politician who served as the President of France from June 1931 until his assassination in May 1932. He is described as ""the Father of French Indochina,"" and was seen as one of the most active and effective governors general of Indochina."
France,Alain Poher,https://en.wikipedia.org/wiki/Alain_Poher,"Alain Émile Louis Marie Poher was a French politician who served as President of the Senate from 1968 to 1992. In this capacity, he was twice briefly acting President of France, in 1969 and 1974 following the resignation of Charles de Gaulle and the death of Georges Pompidou respectively. Poher was affiliated with the Popular Republican Movement until 1966 and later with the Democratic Centre and Centre of Social Democrats , which he joined in 1976."
France,Albert Lebrun,https://en.wikipedia.org/wiki/Albert_Lebrun,Albert François Lebrun was a French politician who served as President of France from 1932 to 1940. He was the last president of the Third Republic. He was a member of the centre-right Democratic Republican Alliance .
France,René Coty,https://en.wikipedia.org/wiki/Ren%C3%A9_Coty,Gustave Jules René Coty was President of France from 1954 to 1959. He was the second and last president of the Fourth French Republic.
France,Vincent Auriol,https://en.wikipedia.org/wiki/Vincent_Auriol,Vincent Jules Auriol was a French politician who served as President of France from 1947 to 1954.
France,Patrice de Mac Mahon,https://en.wikipedia.org/wiki/Patrice_de_Mac_Mahon,"Marie Edme Patrice Maurice de MacMahon, marquis de MacMahon, duc de Magenta , was a French general and politician who served as President of France from 1873 to 1879. He was elevated to the dignity of Marshal of France by Napoleon III."
France,Émile Loubet,https://en.wikipedia.org/wiki/%C3%89mile_Loubet,Émile François Loubet was the 45th Prime Minister of France from February to December 1892 and later President of France from 1899 to 1906.
France,Raymond Poincaré,https://en.wikipedia.org/wiki/Raymond_Poincar%C3%A9,"Raymond Nicolas Landry Poincaré was a French statesman who served as President of France from 1913 to 1920, and three times as Prime Minister of France. He was a conservative leader, primarily committed to political and social stability."
France,Marie Carnot,https://en.wikipedia.org/wiki/Sadi_Carnot_(statesman),Marie François Sadi Carnot was a French statesman who served as President of France from 1887 until his assassination in 1894.
France,Alexandre Millerand,https://en.wikipedia.org/wiki/Alexandre_Millerand,"Alexandre Millerand 10 February 1859 – 6 April 1943  was a French politician who served as President of France from 1920 to 1924, having previously served as Prime Minister of France earlier in 1920. His participation in Waldeck-Rousseau's cabinet at the start of the 20th century, alongside the Marquis de Galliffet, who had directed the repression of the 1871 Paris Commune, sparked a debate in the French Section of the Workers' International and in the Second International about the participation of socialists in bourgeois governments."
France,Gaston Doumergue,https://en.wikipedia.org/wiki/Gaston_Doumergue,Pierre Paul Henri Gaston Doumergue was a French politician who served as President of France from 1924 to 1931.
France,Félix Faure,https://en.wikipedia.org/wiki/F%C3%A9lix_Faure,"Félix François Faure was President of France from 1895 until his death in 1899. A native of Paris, he worked as a tanner in his younger years. Faure became a member of the Chamber of Deputies for Seine-Inférieure in 1881. He rose to prominence in national politics up until unexpectedly assuming the presidency, during which time France's relations with Russia improved."
France,Jules Grévy,https://en.wikipedia.org/wiki/Jules_Gr%C3%A9vy,"François Judith Paul Grévy , known as Jules Grévy , was a French lawyer and politician who served as President of France from 1879 to 1887. He was a leader of the Moderate Republicans, and given that his predecessors were monarchists who tried without success to restore the French monarchy, Grévy is considered the first real republican president of France. During Grévy's presidency from 1879 to 1887, according to David Bell, there was a disunity among his cabinets. Only one survived more than a year. Grévy paid attention chiefly to defense, internal order, and foreign relations. Critics argue that Grévy's confusing approach to appointments set a bad precedent for handling crises. Grévy's son-in-law was implicated in a corruption scandal in 1887, and Grévy had to resign after exhausting the pool of willing politicians to form a fresh government."
France,Clément Fallières,https://en.wikipedia.org/wiki/Armand_Falli%C3%A8res,Clément Armand Fallières was a French statesman who was President of France from 1906 to 1913.
France,Paul Deschanel,https://en.wikipedia.org/wiki/Paul_Deschanel,Paul Eugène Louis Deschanel was a French politician who served as President of France from 18 February to 21 September 1920.
France,Georges Bidault,https://en.wikipedia.org/wiki/Georges_Bidault,"Georges-Augustin Bidault was a French politician. During World War II, he was active in the French Resistance. After the war, he served as foreign minister and premier on several occasions. He apparently joined the Organisation armée secrète  however he always denied his involvement."
France,Jean Casimir-Perier,https://en.wikipedia.org/wiki/Jean_Casimir-Perier,Jean Paul Pierre Casimir-Perier was a French politician who served as President of France from June 1894 to January 1895.
France,Charles Dupuy,https://en.wikipedia.org/wiki/Charles_Dupuy,"Charles Alexandre Dupuy was a French statesman, three times prime minister."
France,Louis Cavaignac,https://en.wikipedia.org/wiki/Eug%C3%A8ne_Cavaignac,"Louis-Eugène Cavaignac was a French general and politician who served as head of the executive power of France between June and December 1848, during the French Second Republic."
France,Louis None,https://en.wikipedia.org/wiki/Louis_Jules_Trochu,Louis-Jules Trochu was a French military leader and politician. He served as President of the Government of National Defense—France's de facto head of state—from 4 September 1870 until his resignation on 22 January 1871 .
France,Frédéric None,https://en.wikipedia.org/wiki/Fr%C3%A9d%C3%A9ric_Fran%C3%A7ois-Marsal,"Frédéric François-Marsal was a French politician of the Third Republic, who served briefly as Prime Minister in 1924. Due to his premiership he also served for two days as the Acting President of the French Republic between the resignation of Alexandre Millerand and the election of Gaston Doumergue."
France,Emmanuel Macron,https://en.wikipedia.org/wiki/Emmanuel_Macron,"Emmanuel Jean-Michel Frédéric Macron is a French politician who has served as President of France and Co-Prince of Andorra since 2017. He was Minister of Economics, Industry and Digital Affairs under President François Hollande between 2014 and 2016. He has been a member of Renaissance since he founded it in 2016."
Morocco,Mohammed VI of Morocco,https://en.wikipedia.org/wiki/Mohammed_VI_of_Morocco,"Mohammed VI is King of Morocco. A member of the Alawi dynasty, he acceded to the throne on 23 July 1999, upon the death of his father, King Hassan II."
Morocco,Hassan II of Morocco,https://en.wikipedia.org/wiki/Hassan_II_of_Morocco,"Hassan II was King of Morocco from 1961 until his death in 1999. A member of the Alawi dynasty, he was the eldest son of King Mohammed V, and his second wife Princess Abla bint Tahar."
Morocco,Mohammed V of Morocco,https://en.wikipedia.org/wiki/Mohammed_V_of_Morocco,"Mohammed al-Khamis bin Yusef bin Hassan al-Alawi, better known simply as Mohammed V , was the last Sultan of Morocco from 1927 to 1953 and from 1955 to 1957, and first King of Morocco from 1957 to 1961. A member of the 'Alawi dynasty, he played an instrumental role in securing the independence of Morocco from the French and Spanish Protectorates."
Morocco,Abu Abdallah al-Qaim,https://en.wikipedia.org/wiki/Abu_Abdallah_al-Qaim,"Abu Abdallah Muhammad ibn Abd al-Rahman al-Qaim bi-Amr Allah, often shortened to Abu Abdallah al-Qa'im or Muhammad al-Qa'im, was the first political leader of the Saadi Dynasty of Morocco. He ruled the Sous and other parts of southern Morocco from 1510 to 1517, setting the stage for his sons to lead the dynasty to power over the rest of Morocco in the decades after his death."
